-- MySQL dump 10.13  Distrib 8.0.23, for Win64 (x86_64)
--
-- Host: localhost    Database: stock
-- ------------------------------------------------------
-- Server version	8.0.23

/*!40101 SET @OLD_CHARACTER_SET_CLIENT=@@CHARACTER_SET_CLIENT */;
/*!40101 SET @OLD_CHARACTER_SET_RESULTS=@@CHARACTER_SET_RESULTS */;
/*!40101 SET @OLD_COLLATION_CONNECTION=@@COLLATION_CONNECTION */;
/*!50503 SET NAMES utf8 */;
/*!40103 SET @OLD_TIME_ZONE=@@TIME_ZONE */;
/*!40103 SET TIME_ZONE='+00:00' */;
/*!40014 SET @OLD_UNIQUE_CHECKS=@@UNIQUE_CHECKS, UNIQUE_CHECKS=0 */;
/*!40014 SET @OLD_FOREIGN_KEY_CHECKS=@@FOREIGN_KEY_CHECKS, FOREIGN_KEY_CHECKS=0 */;
/*!40101 SET @OLD_SQL_MODE=@@SQL_MODE, SQL_MODE='NO_AUTO_VALUE_ON_ZERO' */;
/*!40111 SET @OLD_SQL_NOTES=@@SQL_NOTES, SQL_NOTES=0 */;

--
-- Dumping data for table `admin`
--

LOCK TABLES `admin` WRITE;
/*!40000 ALTER TABLE `admin` DISABLE KEYS */;
INSERT INTO `admin` VALUES ('CERDELEC','','');
/*!40000 ALTER TABLE `admin` ENABLE KEYS */;
UNLOCK TABLES;

--
-- Dumping data for table `article`
--

LOCK TABLES `article` WRITE;
/*!40000 ALTER TABLE `article` DISABLE KEYS */;
INSERT INTO `article` VALUES ('10X38','PORTE FUSIBLE 3P','SCHNEIDER',22.6,26,22),('10X38A','PORTE FUSIBLE 2P','SCHNEIDER',22,25,31),('4X10/30A','DISJONCTEUR','SCHNEIDER',495,560,10),('52883','BATTERIE 10KVAR','SCHNEIDER',500,546,5),('A9C30812 2P','TELERUPTEUR 16A','SCHNEIDER',90,101,36),('LX1FG ','CONTACTEUR 48V ','SCHNEIDER',600,681,90),('XB5AS8442','ARRET D\'URGENCE','SCHNEIDER',70,85,0);
/*!40000 ALTER TABLE `article` ENABLE KEYS */;
UNLOCK TABLES;

--
-- Dumping data for table `client`
--

LOCK TABLES `client` WRITE;
/*!40000 ALTER TABLE `client` DISABLE KEYS */;
INSERT INTO `client` VALUES (24,'MINOTERIS LAHBABI','0535189277','0535782432','lahbabi@gmail.com'),(25,'CONCASSAGE.MA','0535124430','0535121833','concassage.maroc@gmail.com'),(26,'COMPTOIR','','','');
/*!40000 ALTER TABLE `client` ENABLE KEYS */;
UNLOCK TABLES;

--
-- Dumping data for table `entry`
--

LOCK TABLES `entry` WRITE;
/*!40000 ALTER TABLE `entry` DISABLE KEYS */;
INSERT INTO `entry` VALUES (60,'10X38','PORTE FUSIBLE 3P','ASSMAMA',65,24,'2021-09-12'),(61,'LX1FG ','CONTACTEUR 48V ','ASSMAMA',100,600,'2021-09-18'),(62,'52883','BATTERIE 10KVAR','ASSMAMA',6,500,'2021-09-19'),(63,'10X38','PORTE FUSIBLE 3P','AUHTECH',41,24,'2021-09-09'),(64,'A9C30812 2P','TELERUPTEUR 16A','AZAMI',13,90,'2021-09-11'),(65,'4X10/30A','DISJONCTEUR','AZAMI',10,495,'2021-09-09'),(66,'10X38A','PORTE FUSIBLE 2P','AUHTECH',12,22,'2021-09-11'),(67,'10X38','PORTE FUSIBLE 3P','AUHTECH',22,22.6,'2021-09-18'),(68,'10X38A','PORTE FUSIBLE 2P','AUHTECH',100,22,'2021-10-08'),(69,'10X38','PORTE FUSIBLE 3P','AZAMI',90,22.6,'2021-10-16');
/*!40000 ALTER TABLE `entry` ENABLE KEYS */;
UNLOCK TABLES;

--
-- Dumping data for table `facture`
--

LOCK TABLES `facture` WRITE;
/*!40000 ALTER TABLE `facture` DISABLE KEYS */;
INSERT INTO `facture` VALUES ('1',1),('2',1),('3',7),('4',12),('4',12),('5',12);
/*!40000 ALTER TABLE `facture` ENABLE KEYS */;
UNLOCK TABLES;

--
-- Dumping data for table `fournisseur`
--

LOCK TABLES `fournisseur` WRITE;
/*!40000 ALTER TABLE `fournisseur` DISABLE KEYS */;
INSERT INTO `fournisseur` VALUES (11,'0535659033','0535651822','ASSMAMA'),(12,'0535940809','0535941710','AUHTECH'),(13,'0535685512','0535681352','AZAMI');
/*!40000 ALTER TABLE `fournisseur` ENABLE KEYS */;
UNLOCK TABLES;

--
-- Dumping data for table `historique`
--

LOCK TABLES `historique` WRITE;
/*!40000 ALTER TABLE `historique` DISABLE KEYS */;
INSERT INTO `historique` VALUES (50,'1044','prise',1000,50,'2021-08-06'),(51,'1044','prise',50,50,'2021-07-29'),(52,'1000','nfdf',50,10,'2021-07-28'),(53,'1056','Adaptateur',3,200,'2021-08-05'),(54,'1044','prise',20,50,'2021-08-07'),(55,'52883','BATTERIE 10KVAR',40,500,'2021-08-28'),(56,'A9C30812 2P','TELERUPTEUR 16A',50,90,'2021-08-28'),(57,'10X38','PORTE FUSIBLE 3P',100,24,'2021-07-29'),(58,'A9C30812 2P','TELERUPTEUR 16A',200,90,'2021-08-28'),(59,'A9C30812 2P','TELERUPTEUR 16A',100,90,'2021-09-12'),(60,'10X38','PORTE FUSIBLE 3P',65,24,'2021-09-12'),(61,'LX1FG ','CONTACTEUR 48V ',100,600,'2021-09-18'),(62,'52883','BATTERIE 10KVAR',6,500,'2021-09-19'),(63,'10X38','PORTE FUSIBLE 3P',41,24,'2021-09-09'),(64,'A9C30812 2P','TELERUPTEUR 16A',13,90,'2021-09-11'),(65,'4X10/30A','DISJONCTEUR',10,495,'2021-09-09'),(66,'10X38A','PORTE FUSIBLE 2P',12,22,'2021-09-11'),(67,'10X38','PORTE FUSIBLE 3P',22,22.6,'2021-09-18'),(68,'10X38A','PORTE FUSIBLE 2P',100,22,'2021-10-08'),(69,'10X38','PORTE FUSIBLE 3P',90,22.6,'2021-10-16');
/*!40000 ALTER TABLE `historique` ENABLE KEYS */;
UNLOCK TABLES;

--
-- Dumping data for table `shistorique`
--

LOCK TABLES `shistorique` WRITE;
/*!40000 ALTER TABLE `shistorique` DISABLE KEYS */;
INSERT INTO `shistorique` VALUES (56,'1044','prise',500,70,'2021-07-30'),(57,'1044','prise',40,70,'2021-08-04'),(60,'1056','Adaptateur',40,250,'2021-07-28'),(61,'1000','nfdf',50,15,'2021-07-29'),(62,'1044','prise',2,70,'2021-07-28'),(64,'1056','Adaptateur',5,250,'2021-07-27'),(65,'1044','prise',40,70,'2021-07-29'),(66,'1044','prise',50,70,'2021-07-29'),(67,'1056','Adaptateur',20,250,'2021-07-29'),(69,'1044','prise',70,70,'2021-07-29'),(70,'A9C30812 2P','TELERUPTEUR 16A',20,101,'2021-08-14'),(71,'A9C30812 2P','TELERUPTEUR 16A',20,101,'2021-07-31'),(72,'52883','BATTERIE 10KVAR',20,546,'2021-09-05'),(73,'A9C30812 2P','TELERUPTEUR 16A',10,101,'2021-08-13'),(74,'52883','BATTERIE 10KVAR',20,546,'2021-07-30'),(75,'10X38','PORTE FUSIBLE 3P',20,33,'2021-08-28'),(76,'10X38','PORTE FUSIBLE 3P',40,33,'2021-07-29'),(77,'10X38','PORTE FUSIBLE 3P',20,33,'2021-07-31'),(78,'10X38','PORTE FUSIBLE 3P',10,33,'2021-08-29'),(79,'10X38','PORTE FUSIBLE 3P',5,33,'2021-08-28'),(80,'10X38','PORTE FUSIBLE 3P',3,35,'2021-07-29'),(81,'10X38','PORTE FUSIBLE 3P',1,33,'2021-08-29'),(82,'A9C30812 2P','TELERUPTEUR 16A',20,101,'2021-08-22'),(83,'A9C30812 2P','TELERUPTEUR 16A',40,101,'2021-09-05'),(84,'A9C30812 2P','TELERUPTEUR 16A',40,101,'2021-08-28'),(85,'A9C30812 2P','TELERUPTEUR 16A',60,101,'2021-09-05'),(86,'A9C30812 2P','TELERUPTEUR 16A',40,101,'2021-09-12'),(87,'A9C30812 2P','TELERUPTEUR 16A',40,101,'2021-09-16'),(88,'A9C30812 2P','TELERUPTEUR 16A',10,101,'2021-09-10'),(89,'LX1FG ','CONTACTEUR 48V ',10,681,'2021-09-10'),(90,'A9C30812 2P','TELERUPTEUR 16A',12,101,'2021-09-05'),(91,'A9C30812 2P','TELERUPTEUR 16A',13,101,'2021-09-17'),(92,'10X38','PORTE FUSIBLE 3P',18,26,'2021-10-02'),(93,'10X38','PORTE FUSIBLE 3P',3,26,'2021-09-10'),(94,'A9C30812 2P','TELERUPTEUR 16A',2,101,'2021-10-23'),(95,'10X38A','PORTE FUSIBLE 2P',100,25,'2021-10-09'),(96,'10X38A','Thé sec',1,8,'2021-10-13'),(97,'52883','Café Noir',1,7,'2021-10-12'),(98,'10X38','PORTE FUSIBLE 3P',69,26,'2021-10-21');
/*!40000 ALTER TABLE `shistorique` ENABLE KEYS */;
UNLOCK TABLES;

--
-- Dumping data for table `sortie`
--

LOCK TABLES `sortie` WRITE;
/*!40000 ALTER TABLE `sortie` DISABLE KEYS */;
INSERT INTO `sortie` VALUES (90,16,'A9C30812 2P','TELERUPTEUR 16A','MINOTERIS LAHBABI',12,101,'2021-09-05',6),(91,17,'A9C30812 2P','TELERUPTEUR 16A','COMPTOIRE',13,101,'2021-09-17',0),(92,33,'10X38','PORTE FUSIBLE 3P','COMPTOIRE',18,26,'2021-10-02',0),(93,12,'10X38','PORTE FUSIBLE 3P','MINOTERIS LAHBABI',3,26,'2021-09-10',8),(94,30,'A9C30812 2P','TELERUPTEUR 16A','MINOTERIS LAHBABI',2,101,'2021-10-23',4),(95,122,'10X38A','PORTE FUSIBLE 2P','COMPTOIR',100,25,'2021-10-09',0),(98,33,'10X38','PORTE FUSIBLE 3P','COMPTOIR',69,26,'2021-10-21',0);
/*!40000 ALTER TABLE `sortie` ENABLE KEYS */;
UNLOCK TABLES;
/*!40103 SET TIME_ZONE=@OLD_TIME_ZONE */;

/*!40101 SET SQL_MODE=@OLD_SQL_MODE */;
/*!40014 SET FOREIGN_KEY_CHECKS=@OLD_FOREIGN_KEY_CHECKS */;
/*!40014 SET UNIQUE_CHECKS=@OLD_UNIQUE_CHECKS */;
/*!40101 SET CHARACTER_SET_CLIENT=@OLD_CHARACTER_SET_CLIENT */;
/*!40101 SET CHARACTER_SET_RESULTS=@OLD_CHARACTER_SET_RESULTS */;
/*!40101 SET COLLATION_CONNECTION=@OLD_COLLATION_CONNECTION */;
/*!40111 SET SQL_NOTES=@OLD_SQL_NOTES */;

-- Dump completed on 2021-10-29 23:25:17
